{

  "client": [
    {
      "client_info": {
        "mobilesdk_app_id": "",
        "android_client_info": {
          "package_name": "biblia.multi.vesion.demo"
        }
      },
      "oauth_client": [
        {
          "client_id": "",
          "client_type": 3
        }
      ],
      "api_key": [
        {
          "current_key": ""
        }
      ],
      "services": {
        "appinvite_service": {
          "other_platform_oauth_client": [
            {
              "client_id": "",
              "client_type": 3
            }
          ]
        }
      },
      "admob_app_id": "ca-app-pub-3940256099942544~3347511713"
    }
  ],
  "configuration_version": "1"
}
